<?xml version="1.0" encoding="UTF-8"?>
<!--
  ~    Copyright (c) 2018-2025, lengleng All rights reserved.
  ~
  ~ Redistribution and use in source and binary forms, with or without
  ~ modification, are permitted provided that the following conditions are met:
  ~
  ~ Redistributions of source code must retain the above copyright notice,
  ~ this list of conditions and the following disclaimer.
  ~ Redistributions in binary form must reproduce the above copyright
  ~ notice, this list of conditions and the following disclaimer in the
  ~ documentation and/or other materials provided with the distribution.
  ~ Neither the name of the pig4cloud.com developer nor the names of its
  ~ contributors may be used to endorse or promote products derived from
  ~ this software without specific prior written permission.
  ~ Author: lengleng (wangiegie@gmail.com)
  -->

<configuration debug="false" scan="false">
    <springProperty scop="context" name="spring.application.name" source="spring.application.name" defaultValue="pig"/>
    <property name="log.path" value="logs/${spring.application.name}" />
    <!-- Console log output -->
    <appender name="console" class="ch.qos.logback.core.ConsoleAppender">
        <encoder>
            <pattern>%d{MM-dd HH:mm:ss.SSS} %-5level [%logger{50}] - %msg%n</pattern>
        </encoder>
    </appender>

    <!-- Log file debug output -->
    <appender name="debug" class="ch.qos.logback.core.rolling.RollingFileAppender">
        <file>${log.path}/debug.log</file>
        <rollingPolicy class="ch.qos.logback.core.rolling.SizeAndTimeBasedRollingPolicy">
            <fileNamePattern>${log.path}/%d{yyyy-MM}/debug.%d{yyyy-MM-dd}.%i.log.gz</fileNamePattern>
            <maxFileSize>50MB</maxFileSize>
            <maxHistory>30</maxHistory>
        </rollingPolicy>
        <encoder>
            <pattern>%date [%thread] %-5level [%logger{50}] %file:%line - %msg%n</pattern>
        </encoder>
    </appender>

    <!-- Log file error output -->
    <appender name="error" class="ch.qos.logback.core.rolling.RollingFileAppender">
        <file>${log.path}/error.log</file>
        <rollingPolicy class="ch.qos.logback.core.rolling.SizeAndTimeBasedRollingPolicy">
            <fileNamePattern>${log.path}/%d{yyyy-MM}/error.%d{yyyy-MM-dd}.%i.log.gz</fileNamePattern>
            <maxFileSize>50MB</maxFileSize>
            <maxHistory>30</maxHistory>
        </rollingPolicy>
        <encoder>
            <pattern>%date [%thread] %-5level [%logger{50}] %file:%line - %msg%n</pattern>
        </encoder>
        <filter class="ch.qos.logback.classic.filter.ThresholdFilter">
            <level>ERROR</level>
        </filter>
    </appender>

    <!-- Level: FATAL 0  ERROR 3  WARN 4  INFO 6  DEBUG 7 -->
    <root level="INFO">
        <appender-ref ref="console" />
        <appender-ref ref="debug" />
        <appender-ref ref="error" />
    </root>
</configuration>