<?xml version="1.0" encoding="UTF-8"?>
<!DOCTYPE mapper PUBLIC "-//mybatis.org//DTD Mapper 3.0//EN" "http://mybatis.org/dtd/mybatis-3-mapper.dtd">
<mapper namespace="com.ybkj.cnooc.admin.mapper.SysCompanyMapper">

    <!-- 通用查询映射结果 -->
    <resultMap id="BaseResultMap" type="com.ybkj.cnooc.admin.model.SysCompany">
        <id column="company_id" property="companyId" />
        <result column="name" property="name" />
        <result column="mobile" property="mobile" />
        <result column="mailbox" property="mailbox" />
        <result column="address" property="address" />
        <result column="order_num" property="orderNum" />
        <result column="principal" property="principal" />
        <result column="avatar" property="avatar" />
        <result column="create_time" property="createTime" />
        <result column="update_time" property="updateTime" />
        <result column="del_flag" property="delFlag" />
        <result column="version" property="version" />
    </resultMap>

    <!-- 通用查询结果列 -->
    <sql id="Base_Column_List">
        company_id, name, mobile, mailbox, address, order_num, principal, avatar, create_time, update_time, del_flag, version
    </sql>

</mapper>
