<?xml version="1.0" encoding="UTF-8"?>
<!DOCTYPE mapper PUBLIC "-//mybatis.org//DTD Mapper 3.0//EN" "http://mybatis.org/dtd/mybatis-3-mapper.dtd">
<mapper namespace="com.ybkj.cnooc.admin.mapper.SysDictMapper">

    <!-- 通用查询映射结果 -->
    <resultMap id="BaseResultMap" type="com.ybkj.cnooc.admin.model.SysDict">
        <id column="dict_id" property="dictId" />
        <result column="value" property="value" />
        <result column="label" property="label" />
        <result column="type" property="type" />
        <result column="description" property="description" />
        <result column="sort" property="sort" />
        <result column="create_time" property="createTime" />
        <result column="update_time" property="updateTime" />
        <result column="remarks" property="remarks" />
        <result column="del_flag" property="delFlag" />
    </resultMap>

    <!-- 通用查询结果列 -->
    <sql id="Base_Column_List">
        dict_id, value, label, type, description, sort, create_time, update_time, remarks, del_flag
    </sql>

    <select id="selectLabel" resultType="java.lang.String">
        SELECT label from sys_dict where value = #{value} and type =#{type}
    </select>

</mapper>
