<?xml version="1.0" encoding="UTF-8"?>
<!DOCTYPE mapper PUBLIC "-//mybatis.org//DTD Mapper 3.0//EN" "http://mybatis.org/dtd/mybatis-3-mapper.dtd">
<mapper namespace="com.ybkj.cnooc.admin.mapper.SysMenuMapper">

    <!-- 通用查询映射结果 -->
    <resultMap id="BaseResultMap" type="com.ybkj.cnooc.admin.model.SysMenu">
        <id column="menu_id" property="menuId" />
        <result column="menu_name" property="menuName" />
        <result column="permission" property="permission" />
        <result column="path" property="path" />
        <result column="url" property="url" />
        <result column="method" property="method" />
        <result column="parent_id" property="parentId" />
        <result column="icon" property="icon" />
        <result column="component" property="component" />
        <result column="sort" property="sort" />
        <result column="type" property="type" />
        <result column="create_time" property="createTime" />
        <result column="update_time" property="updateTime" />
        <result column="del_flag" property="delFlag" />
        <result column="version" property="version" />
    </resultMap>

    <!-- 通用查询结果列 -->
    <sql id="Base_Column_List">
        menu_id, menu_name, permission, path, url, method, parent_id, icon, component, sort, type, create_time, update_time, del_flag, version
    </sql>

    <resultMap id="MenuVoResultMap" type="com.ybkj.cnooc.common.vo.MenuVO">
        <id column="menu_id" property="menuId" />
        <result column="menu_name" property="menuName" />
        <result column="permission" property="permission" />
        <result column="url" property="url" />
        <result column="method" property="method" />
        <result column="parent_id" property="parentId" />
        <result column="icon" property="icon" />
        <result column="path" property="path" />
        <result column="component" property="component" />
        <result column="sort" property="sort" />
        <result column="type" property="type" />
        <result column="create_time" property="createTime" />
        <result column="update_time" property="updateTime" />
        <result column="del_flag" property="delFlag" />
    </resultMap>

    <!-- 根据角色编号查询菜单 -->
    <select id="selectMenuByRoleCode" resultMap="MenuVoResultMap">
           SELECT sm.* FROM sys_role AS sr
            INNER JOIN sys_role_menu AS srm ON sr.role_id = srm.role_id
            INNER JOIN sys_menu AS sm ON sm.menu_id = srm.menu_id
            WHERE
            sr.del_flag = 1 AND
            sm.del_flag = 1 AND
            sr.role_code=  #{roleCode}
            ORDER BY sm.sort DESC
    </select>

    <resultMap id="MenuRoleVoResultMap" type="com.ybkj.cnooc.common.vo.MenuRoleVO">
        <id column="menu_id" property="menuId" />
        <result column="menu_name" property="menuName" />
        <result column="permission" property="permission" />
        <result column="url" property="url" />
        <result column="method" property="method" />
        <result column="path" property="path" />
        <result column="component" property="component" />
        <collection property="roleList" ofType="com.ybkj.cnooc.common.vo.SysRole">
            <id column="role_id" property="roleId" />
            <result column="role_name" property="roleName" />
            <result column="role_code" property="roleCode" />
        </collection>
    </resultMap>

    <select id="selectAllMenu" resultMap="MenuRoleVoResultMap">
SELECT m.menu_id,m.menu_name,m.permission,m.url,m.method,m.path,m.component,
       r.role_id,r.role_name,r.role_code
               FROM sys_menu m LEFT JOIN sys_role_menu rm ON m.`menu_id` = rm.menu_id
                               LEFT JOIN sys_role r ON rm.role_id = r.role_id
                               WHERE m.`del_flag`= 1 ORDER BY m.`menu_id` DESC
    </select>

</mapper>
