<?xml version="1.0" encoding="UTF-8"?>
<!DOCTYPE mapper PUBLIC "-//mybatis.org//DTD Mapper 3.0//EN" "http://mybatis.org/dtd/mybatis-3-mapper.dtd">
<mapper namespace="com.ybkj.cnooc.admin.mapper.SysRoleMapper">

    <!-- 通用查询映射结果 -->
    <resultMap id="BaseResultMap" type="com.ybkj.cnooc.admin.model.SysRole">
        <id column="role_id" property="roleId" />
        <result column="role_name" property="roleName" />
        <result column="role_code" property="roleCode" />
        <result column="role_desc" property="roleDesc" />
        <result column="create_time" property="createTime" />
        <result column="update_time" property="updateTime" />
        <result column="del_flag" property="delFlag" />
        <result column="user_id" property="userId" />
        <result column="version" property="version" />
    </resultMap>

    <!-- 通用查询结果列 -->
    <sql id="Base_Column_List">
        role_id, role_name, role_code, role_desc, create_time, update_time, del_flag, user_id, version
    </sql>

</mapper>
