<?xml version="1.0" encoding="UTF-8"?>
<!DOCTYPE mapper PUBLIC "-//mybatis.org//DTD Mapper 3.0//EN" "http://mybatis.org/dtd/mybatis-3-mapper.dtd">
<mapper namespace="com.ybkj.cnooc.admin.mapper.SysUserRoleMapper">

    <!-- 通用查询映射结果 -->
    <resultMap id="BaseResultMap" type="com.ybkj.cnooc.admin.model.SysUserRole">
        <result column="user_id" property="userId" />
        <result column="role_id" property="roleId" />
    </resultMap>

    <!-- 通用查询结果列 -->
    <sql id="Base_Column_List">
        user_id, role_id
    </sql>
    <!--根据用户ID，删除对应的角色关系-->
    <delete id="deleteByUserId">
      DELETE FROM sys_user_role where user_id=#{userId}
    </delete>

    <!--根据用户Id，查询角色数组-->
    <select id="seleteRoleIdByUserId" resultType="java.lang.String">
        select role_id FROM sys_user_role WHERE user_id = #{userId}
    </select>

</mapper>
