<?xml version="1.0" encoding="UTF-8"?>
<!DOCTYPE mapper PUBLIC "-//mybatis.org//DTD Mapper 3.0//EN" "http://mybatis.org/dtd/mybatis-3-mapper.dtd">
<mapper namespace="com.ybkj.cnooc.admin.mapper.SysUserMapper">

    <!-- 通用查询映射结果 -->
    <resultMap id="BaseResultMap" type="com.ybkj.cnooc.admin.model.SysUser">
        <id column="user_id" property="userId" />
        <result column="company_id" property="companyId" />
        <result column="user_name" property="userName" />
        <result column="password" property="password" />
        <result column="real_name" property="realName" />
        <result column="salt" property="salt" />
        <result column="avatar" property="avatar" />
        <result column="mobile" property="mobile" />
        <result column="mailbox" property="mailbox" />
        <result column="create_time" property="createTime" />
        <result column="update_time" property="updateTime" />
        <result column="del_flag" property="delFlag" />
        <result column="version" property="version" />
    </resultMap>

    <!-- 通用查询结果列 -->
    <sql id="Base_Column_List">
        user_id, company_id, user_name, password, real_name, salt, avatar, mobile, mailbox, create_time, update_time, del_flag, version
    </sql>

    <!-- 通过用户名查询用户信息 -->
    <select id="selectByUserName" resultMap="BaseResultMap">
        select
        <include refid="Base_Column_List"></include>
        from sys_user WHERE user_name=#{userName};
    </select>

    <!-- 通用 权限 查询映射结果 -->
    <resultMap id="userPermission" type="com.ybkj.cnooc.common.vo.PermissionVO">
        <id column="menuId" property="menuId" />
        <result column="menuName" property="menuName" />
        <result column="permission" property="permission" />
        <result column="path" property="path" />
        <result column="url" property="url" />
        <result column="method" property="method" />
        <result column="parentId" property="parentId" />
        <result column="icon" property="icon" />
        <result column="component" property="component" />
        <result column="sort" property="sort" />
        <result column="type" property="type" />
    </resultMap>

    <!-- 通用   userVo结果集 -->
    <resultMap id="userVoResultMap" type="com.ybkj.cnooc.common.vo.UserVO">
        <id column="user_id" property="userId"/>
        <result column="user_name" property="userName"/>
        <result column="password" property="password"/>
        <result column="salt" property="salt"/>
        <result column="real_name" property="realName" />
        <result column="mailbox" property="mailbox" />
        <result column="mobile" property="mobile" />
        <result column="avatar" property="avatar" />
        <result column="ucreate_time" property="createTime"/>
        <result column="uupdate_time" property="updateTime"/>
        <result column="udel_flag" property="delFlag"/>
        <result column="company_id" property="companyId"/>
        <result column="companyName" property="companyName"/>
        <collection property="roleList" ofType="com.ybkj.cnooc.common.vo.SysRole">
            <id column="role_id" property="roleId" />
            <result column="role_name" property="roleName" />
            <result column="role_code" property="roleCode" />
            <result column="role_desc" property="roleDesc" />
            <!--<result column="rcreate_time" property="createTime" />
            <result column="rupdate_time" property="updateTime" />-->
        </collection>
    </resultMap>

    <!-- 通过用户Id查询用户的权限，父类Id查询子权限 -->
    <select id="selectUserPermissionVOByUserIdOrMenuParendId" resultMap="userPermission">
    SELECT sm.menu_id as menuId,sm.menu_name as menuName,
           sm.permission as permission, sm.path as path,
           sm.url as url,sm.method as method,
           sm.parent_id as parentId,sm.icon as icon,
           sm.component as component,sm.sort as sort,sm.type as type
         FROM sys_user AS su
         INNER JOIN sys_user_role AS syr ON su.user_id = syr.user_id
         INNER JOIN sys_company AS sc ON su.company_id = sc.company_id
         INNER JOIN sys_role_menu AS srm ON srm.role_id = syr.role_id
         INNER JOIN sys_menu AS sm ON sm.menu_id = srm.menu_id
        <where>
            <if test="userId != null">
                su.user_id = #{userId,jdbcType=INTEGER} and sm.del_flag=1
            </if>
            <if test="parentId != null">
                and  sm.parentId = #{parentId,jdbcType=INTEGER}
            </if>
        </where>
        GROUP BY sm.menu_id
        order by sm.sort ASC
    </select>

    <!--通过用户Id,查询用户信息-->
    <select id="selectUserVoById" resultMap="userVoResultMap">
   SELECT su.user_id,su.`user_name`,su.`password`,su.`real_name`,su.`salt`,
          su.`mobile`,su.`avatar`,su.`create_time`as ucreate_time,su.`update_time` as uupdate_time,su.`del_flag`,
          sr.role_id,sr.role_name,sr.role_code,
          sc.`company_id`,sc.`name` as companyName
            FROM sys_user AS su
            LEFT JOIN sys_user_role AS sur ON su.user_id=sur.user_id
            LEFT JOIN sys_role AS sr ON sr.role_id=sur.role_id
            LEFT JOIN sys_company AS sc ON sc.company_id=su.company_id
            WHERE su.user_id=#{userId}
    </select>


    <!-- 通用   userVo结果集 -->
    <resultMap id="userRoleVoResultMap" type="com.ybkj.cnooc.common.vo.UserVO" extends="userVoResultMap">
        <collection property="roles" ofType="com.ybkj.cnooc.common.vo.RoleVO" select="com.ybkj.cnooc.admin.mapper.SysUserRoleMapper.seleteRoleIdByUserId" column="user_id">
        </collection>
    </resultMap>

    <!--通过用户名,查询用户信息-->
    <select id="selectUserVoPageDateScope" resultMap="userRoleVoResultMap">
        SELECT
              su.user_id,
              su.`user_name`,
              su.`password`,
              su.`real_name`,
              su.`mailbox`,
              su.`salt`,
              su.`mobile`,
              su.`avatar`,
              su.`create_time`as ucreate_time,
              su.`update_time` as uupdate_time,
              su.`del_flag` as udel_flag,
            /*sr.role_id,
            sr.role_name,
            sr.role_code,*/
           sc.`company_id`,
           sc.`name` as companyName
        FROM sys_user AS su
        /*LEFT JOIN sys_user_role AS sur ON su.user_id=sur.user_id*/
       /* LEFT JOIN sys_role AS sr ON sr.role_id=sur.role_id*/
        LEFT JOIN sys_company AS sc ON sc.company_id=su.company_id
        WHERE
        su.`user_name` LIKE CONCAT('%',#{userName},'%')
     <!--   <if test="userName != null and userName != ''">
          su.`user_name` LIKE CONCAT('%',#{userName},'%')
        </if>-->
    </select>

    <sql id="selectUserVo">
        SELECT
        `user`.user_id,
        `user`.user_name,
        `user`.`password`,
        `user`.salt,
        `user`.mobile,
        `user`.avatar,
        `user`.company_id,
        `user`.create_time AS ucreate_time,
        `user`.update_time AS uupdate_time,
        `user`.del_flag AS udel_flag,
        r.role_id,
        r.role_name,
        r.role_code,
        r.role_desc,
        r.create_time AS rcreate_time,
        r.update_time AS rupdate_time
        FROM
        sys_user AS `user`
        LEFT JOIN sys_user_role AS ur ON ur.user_id = `user`.user_id
        LEFT JOIN sys_role AS r ON r.role_id = ur.role_id
    </sql>

    <!--通过用户名，查询含有角色的信息-->
    <select id="selectUserVoByUserName" resultMap="userVoResultMap">
        <include refid="selectUserVo"/>
        WHERE `user`.user_name = #{username}
    </select>
</mapper>
